quantity_sold,total_sales,month
11342,138172.1100000008,april
9583,116908.98000000056,august
12535,152124.19000000163,december
10412,122114.61000000064,february
9997,111200.2800000002,january
9804,120591.97000000048,july
10659,131305.35000000085,june
10865,127924.54000000023,march
12103,142719.8600000005,may
11053,132883.3300000007,november
11668,140853.51000000036,october
11685,141239.88999999993,september
