sales_person_id,sum(sales_amount)
Alan Farley,282510.83999999904
Marnie Estrada,226919.7100000017
Kaan Leon,222836.25000000227
Nayan Naylor,181795.27999999982
Asad Rayner,173120.61000000022
Tarun Goodwin,136187.47000000038
Deborah Eaton,120573.85000000006
Eli Kavanagh,111567.0200000017
Wade Rowley,69839.8700000001
Cassius David,52273.08999999987
,414.6299999999999
